Montreal, Canada
Toronto, Canada
Vancouver, Canada
Quer√©taro, Mexico
San Juan, Puerto Rico
Ashburn, VA, USA
Atlanta, GA, USA
Boston, MA, USA
Boydton, VA, USA
Cheyenne, WY, USA
Chicago, IL, USA
Dallas, TX, USA
Denver, CO, USA
Honolulu, HI, USA
Houston, TX, USA
Jacksonville, FL, USA
Las Vegas, NV, USA
Los Angeles, CA, USA
Miami, FL, USA
Minneapolis, MN, USA
Nashville, TN, USA
New York, NY, USA
Newark, NJ, USA
Philadelphia, PA, USA
Phoenix, AZ, USA
Portland, OR, USA
San Antonio, TX, USA
San Diego, CA, USA
San Jose, CA, USA
Seattle, WA, USA