timestamp,zone_datetime,status,provider,code,zone_name,zone_carbon_intensity_avg,zone_carbon_intensity_unit
1659475804,2022-08-02T20:00:00.000Z,ok,azure,canadaeast,CA-QC,28,gCO2eq/kWh
1659477604,2022-08-02T21:00:00.000Z,ok,azure,canadaeast,CA-QC,28,gCO2eq/kWh
1659479404,2022-08-02T21:00:00.000Z,ok,azure,canadaeast,CA-QC,28,gCO2eq/kWh
1659481204,2022-08-02T22:00:00.000Z,ok,azure,canadaeast,CA-QC,28,gCO2eq/kWh
1659483003,2022-08-02T22:00:00.000Z,ok,azure,canadaeast,CA-QC,28,gCO2eq/kWh
1659484804,2022-08-02T23:00:00.000Z,ok,azure,canadaeast,CA-QC,28,gCO2eq/kWh
1659486604,2022-08-02T23:00:00.000Z,ok,azure,canadaeast,CA-QC,28,gCO2eq/kWh
1659488404,2022-08-03T00:00:00.000Z,ok,azure,canadaeast,CA-QC,28,gCO2eq/kWh
1659490203,2022-08-03T00:00:00.000Z,ok,azure,canadaeast,CA-QC,28,gCO2eq/kWh
1659492004,2022-08-03T01:00:00.000Z,ok,azure,canadaeast,CA-QC,28,gCO2eq/kWh
1659493804,2022-08-03T01:00:00.000Z,ok,azure,canadaeast,CA-QC,28,gCO2eq/kWh
1659495604,2022-08-03T02:00:00.000Z,ok,azure,canadaeast,CA-QC,28,gCO2eq/kWh
1659497403,2022-08-03T02:00:00.000Z,ok,azure,canadaeast,CA-QC,28,gCO2eq/kWh
1659499204,2022-08-03T03:00:00.000Z,ok,azure,canadaeast,CA-QC,28,gCO2eq/kWh
1659501004,2022-08-03T03:00:00.000Z,ok,azure,canadaeast,CA-QC,28,gCO2eq/kWh
1659502804,2022-08-03T04:00:00.000Z,ok,azure,canadaeast,CA-QC,28,gCO2eq/kWh
1659504604,2022-08-03T04:00:00.000Z,ok,azure,canadaeast,CA-QC,28,gCO2eq/kWh
1659506403,2022-08-03T05:00:00.000Z,ok,azure,canadaeast,CA-QC,28,gCO2eq/kWh
1659508204,2022-08-03T05:00:00.000Z,ok,azure,canadaeast,CA-QC,28,gCO2eq/kWh
1659510004,2022-08-03T06:00:00.000Z,ok,azure,canadaeast,CA-QC,28,gCO2eq/kWh
1659511804,2022-08-03T06:00:00.000Z,ok,azure,canadaeast,CA-QC,28,gCO2eq/kWh
1659513604,2022-08-03T07:00:00.000Z,ok,azure,canadaeast,CA-QC,28,gCO2eq/kWh
1659515404,2022-08-03T07:00:00.000Z,ok,azure,canadaeast,CA-QC,28,gCO2eq/kWh
1659517204,2022-08-03T08:00:00.000Z,ok,azure,canadaeast,CA-QC,28,gCO2eq/kWh
1659519004,2022-08-03T08:00:00.000Z,ok,azure,canadaeast,CA-QC,28,gCO2eq/kWh
1659520804,2022-08-03T09:00:00.000Z,ok,azure,canadaeast,CA-QC,28,gCO2eq/kWh
1659522603,2022-08-03T09:00:00.000Z,ok,azure,canadaeast,CA-QC,28,gCO2eq/kWh
1659524404,2022-08-03T10:00:00.000Z,ok,azure,canadaeast,CA-QC,28,gCO2eq/kWh
1659526205,2022-08-03T10:00:00.000Z,ok,azure,canadaeast,CA-QC,28,gCO2eq/kWh
1659528004,2022-08-03T11:00:00.000Z,ok,azure,canadaeast,CA-QC,28,gCO2eq/kWh
1659529804,2022-08-03T11:00:00.000Z,ok,azure,canadaeast,CA-QC,28,gCO2eq/kWh
1659531604,2022-08-03T12:00:00.000Z,ok,azure,canadaeast,CA-QC,28,gCO2eq/kWh
1659533403,2022-08-03T12:00:00.000Z,ok,azure,canadaeast,CA-QC,28,gCO2eq/kWh
1659538828,2022-08-03T14:00:00.000Z,ok,azure,canadaeast,CA-QC,28,gCO2eq/kWh
1659540629,2022-08-03T14:00:00.000Z,ok,azure,canadaeast,CA-QC,28,gCO2eq/kWh
1659542428,2022-08-03T15:00:00.000Z,ok,azure,canadaeast,CA-QC,28,gCO2eq/kWh
1659546028,2022-08-03T16:00:00.000Z,ok,azure,canadaeast,CA-QC,28,gCO2eq/kWh
1659547829,2022-08-03T16:00:00.000Z,ok,azure,canadaeast,CA-QC,28,gCO2eq/kWh
1659549629,2022-08-03T17:00:00.000Z,ok,azure,canadaeast,CA-QC,28,gCO2eq/kWh
1659551430,2022-08-03T17:00:00.000Z,ok,azure,canadaeast,CA-QC,28,gCO2eq/kWh
1659553228,2022-08-03T18:00:00.000Z,ok,azure,canadaeast,CA-QC,28,gCO2eq/kWh
1659555029,2022-08-03T18:00:00.000Z,ok,azure,canadaeast,CA-QC,28,gCO2eq/kWh
1659556829,2022-08-03T19:00:00.000Z,ok,azure,canadaeast,CA-QC,28,gCO2eq/kWh
1659558629,2022-08-03T19:00:00.000Z,ok,azure,canadaeast,CA-QC,28,gCO2eq/kWh
1659560429,2022-08-03T20:00:00.000Z,ok,azure,canadaeast,CA-QC,28,gCO2eq/kWh
1659562228,2022-08-03T20:00:00.000Z,ok,azure,canadaeast,CA-QC,28,gCO2eq/kWh
1659564029,2022-08-03T21:00:00.000Z,ok,azure,canadaeast,CA-QC,28,gCO2eq/kWh
1659565828,2022-08-03T21:00:00.000Z,ok,azure,canadaeast,CA-QC,28,gCO2eq/kWh
1659567628,2022-08-03T22:00:00.000Z,ok,azure,canadaeast,CA-QC,28,gCO2eq/kWh
1659569428,2022-08-03T22:00:00.000Z,ok,azure,canadaeast,CA-QC,28,gCO2eq/kWh
1659571228,2022-08-03T23:00:00.000Z,ok,azure,canadaeast,CA-QC,28,gCO2eq/kWh
1659573028,2022-08-03T23:00:00.000Z,ok,azure,canadaeast,CA-QC,28,gCO2eq/kWh
1659574828,2022-08-04T00:00:00.000Z,ok,azure,canadaeast,CA-QC,28,gCO2eq/kWh
1659576629,2022-08-04T00:00:00.000Z,ok,azure,canadaeast,CA-QC,28,gCO2eq/kWh
1659578428,2022-08-04T01:00:00.000Z,ok,azure,canadaeast,CA-QC,29,gCO2eq/kWh
1659580228,2022-08-04T01:00:00.000Z,ok,azure,canadaeast,CA-QC,29,gCO2eq/kWh
1659582028,2022-08-04T02:00:00.000Z,ok,azure,canadaeast,CA-QC,29,gCO2eq/kWh
1659583828,2022-08-04T02:00:00.000Z,ok,azure,canadaeast,CA-QC,29,gCO2eq/kWh
1659585628,2022-08-04T03:00:00.000Z,ok,azure,canadaeast,CA-QC,29,gCO2eq/kWh
1659587428,2022-08-04T03:00:00.000Z,ok,azure,canadaeast,CA-QC,29,gCO2eq/kWh
1659589228,2022-08-04T04:00:00.000Z,ok,azure,canadaeast,CA-QC,29,gCO2eq/kWh
1659591028,2022-08-04T04:00:00.000Z,ok,azure,canadaeast,CA-QC,29,gCO2eq/kWh
1659592827,2022-08-04T05:00:00.000Z,ok,azure,canadaeast,CA-QC,29,gCO2eq/kWh
1659594627,2022-08-04T05:00:00.000Z,ok,azure,canadaeast,CA-QC,29,gCO2eq/kWh
1659596428,2022-08-04T06:00:00.000Z,ok,azure,canadaeast,CA-QC,29,gCO2eq/kWh
1659598227,2022-08-04T06:00:00.000Z,ok,azure,canadaeast,CA-QC,29,gCO2eq/kWh
1659600027,2022-08-04T07:00:00.000Z,ok,azure,canadaeast,CA-QC,30,gCO2eq/kWh
1659601828,2022-08-04T07:00:00.000Z,ok,azure,canadaeast,CA-QC,30,gCO2eq/kWh
1659603627,2022-08-04T08:00:00.000Z,ok,azure,canadaeast,CA-QC,30,gCO2eq/kWh
1659605427,2022-08-04T08:00:00.000Z,ok,azure,canadaeast,CA-QC,30,gCO2eq/kWh
1659607228,2022-08-04T09:00:00.000Z,ok,azure,canadaeast,CA-QC,30,gCO2eq/kWh
1659609027,2022-08-04T09:00:00.000Z,ok,azure,canadaeast,CA-QC,30,gCO2eq/kWh
1659610827,2022-08-04T10:00:00.000Z,ok,azure,canadaeast,CA-QC,30,gCO2eq/kWh
1659612627,2022-08-04T10:00:00.000Z,ok,azure,canadaeast,CA-QC,30,gCO2eq/kWh
1659614427,2022-08-04T11:00:00.000Z,ok,azure,canadaeast,CA-QC,30,gCO2eq/kWh
1659616228,2022-08-04T11:00:00.000Z,ok,azure,canadaeast,CA-QC,30,gCO2eq/kWh
1659618027,2022-08-04T12:00:00.000Z,ok,azure,canadaeast,CA-QC,29,gCO2eq/kWh
1659619828,2022-08-04T12:00:00.000Z,ok,azure,canadaeast,CA-QC,29,gCO2eq/kWh
1659621628,2022-08-04T13:00:00.000Z,ok,azure,canadaeast,CA-QC,29,gCO2eq/kWh
1659623428,2022-08-04T13:00:00.000Z,ok,azure,canadaeast,CA-QC,29,gCO2eq/kWh
1659625228,2022-08-04T13:00:00.000Z,ok,azure,canadaeast,CA-QC,29,gCO2eq/kWh
1659627027,2022-08-04T14:00:00.000Z,ok,azure,canadaeast,CA-QC,29,gCO2eq/kWh
1659628827,2022-08-04T15:00:00.000Z,ok,azure,canadaeast,CA-QC,29,gCO2eq/kWh
1659630628,2022-08-04T15:00:00.000Z,ok,azure,canadaeast,CA-QC,29,gCO2eq/kWh
1659632427,2022-08-04T16:00:00.000Z,ok,azure,canadaeast,CA-QC,29,gCO2eq/kWh
1659634228,2022-08-04T16:00:00.000Z,ok,azure,canadaeast,CA-QC,29,gCO2eq/kWh
1659636032,2022-08-04T17:00:00.000Z,ok,azure,canadaeast,CA-QC,29,gCO2eq/kWh
1659637828,2022-08-04T17:00:00.000Z,ok,azure,canadaeast,CA-QC,29,gCO2eq/kWh
1659639628,2022-08-04T18:00:00.000Z,ok,azure,canadaeast,CA-QC,29,gCO2eq/kWh
1659641428,2022-08-04T18:00:00.000Z,ok,azure,canadaeast,CA-QC,29,gCO2eq/kWh
1659643228,2022-08-04T19:00:00.000Z,ok,azure,canadaeast,CA-QC,29,gCO2eq/kWh
1659645028,2022-08-04T19:00:00.000Z,ok,azure,canadaeast,CA-QC,29,gCO2eq/kWh
1659646827,2022-08-04T20:00:00.000Z,ok,azure,canadaeast,CA-QC,29,gCO2eq/kWh
1659648628,2022-08-04T20:00:00.000Z,ok,azure,canadaeast,CA-QC,29,gCO2eq/kWh
1659650427,2022-08-04T21:00:00.000Z,ok,azure,canadaeast,CA-QC,29,gCO2eq/kWh
1659652227,2022-08-04T21:00:00.000Z,ok,azure,canadaeast,CA-QC,29,gCO2eq/kWh
1659654027,2022-08-04T22:00:00.000Z,ok,azure,canadaeast,CA-QC,28,gCO2eq/kWh
1659655827,2022-08-04T22:00:00.000Z,ok,azure,canadaeast,CA-QC,28,gCO2eq/kWh
1659657628,2022-08-04T23:00:00.000Z,ok,azure,canadaeast,CA-QC,29,gCO2eq/kWh
1659659427,2022-08-04T23:00:00.000Z,ok,azure,canadaeast,CA-QC,29,gCO2eq/kWh
1659661228,2022-08-05T00:00:00.000Z,ok,azure,canadaeast,CA-QC,29,gCO2eq/kWh
1659663028,2022-08-05T00:00:00.000Z,ok,azure,canadaeast,CA-QC,29,gCO2eq/kWh
1659664828,2022-08-05T01:00:00.000Z,ok,azure,canadaeast,CA-QC,28,gCO2eq/kWh
1659666628,2022-08-05T01:00:00.000Z,ok,azure,canadaeast,CA-QC,28,gCO2eq/kWh
1659668427,2022-08-05T02:00:00.000Z,ok,azure,canadaeast,CA-QC,28,gCO2eq/kWh
1659670228,2022-08-05T02:00:00.000Z,ok,azure,canadaeast,CA-QC,28,gCO2eq/kWh
1659672027,2022-08-05T03:00:00.000Z,ok,azure,canadaeast,CA-QC,29,gCO2eq/kWh
1659673828,2022-08-05T03:00:00.000Z,ok,azure,canadaeast,CA-QC,29,gCO2eq/kWh
1659675627,2022-08-05T04:00:00.000Z,ok,azure,canadaeast,CA-QC,29,gCO2eq/kWh
1659677428,2022-08-05T04:00:00.000Z,ok,azure,canadaeast,CA-QC,29,gCO2eq/kWh
1659679228,2022-08-05T05:00:00.000Z,ok,azure,canadaeast,CA-QC,29,gCO2eq/kWh
1659681027,2022-08-05T05:00:00.000Z,ok,azure,canadaeast,CA-QC,29,gCO2eq/kWh
1659682828,2022-08-05T06:00:00.000Z,ok,azure,canadaeast,CA-QC,29,gCO2eq/kWh
1659684628,2022-08-05T06:00:00.000Z,ok,azure,canadaeast,CA-QC,29,gCO2eq/kWh
1659686428,2022-08-05T07:00:00.000Z,ok,azure,canadaeast,CA-QC,29,gCO2eq/kWh
1659688227,2022-08-05T07:00:00.000Z,ok,azure,canadaeast,CA-QC,29,gCO2eq/kWh
1659690027,2022-08-05T08:00:00.000Z,ok,azure,canadaeast,CA-QC,30,gCO2eq/kWh
1659691827,2022-08-05T08:00:00.000Z,ok,azure,canadaeast,CA-QC,30,gCO2eq/kWh
1659693628,2022-08-05T09:00:00.000Z,ok,azure,canadaeast,CA-QC,30,gCO2eq/kWh
1659695427,2022-08-05T09:00:00.000Z,ok,azure,canadaeast,CA-QC,30,gCO2eq/kWh
1659697228,2022-08-05T10:00:00.000Z,ok,azure,canadaeast,CA-QC,30,gCO2eq/kWh
1659699028,2022-08-05T10:00:00.000Z,ok,azure,canadaeast,CA-QC,30,gCO2eq/kWh
1659700828,2022-08-05T11:00:00.000Z,ok,azure,canadaeast,CA-QC,29,gCO2eq/kWh
1659702627,2022-08-05T11:00:00.000Z,ok,azure,canadaeast,CA-QC,29,gCO2eq/kWh
1659704428,2022-08-05T12:00:00.000Z,ok,azure,canadaeast,CA-QC,29,gCO2eq/kWh
1659706227,2022-08-05T12:00:00.000Z,ok,azure,canadaeast,CA-QC,29,gCO2eq/kWh
1659708027,2022-08-05T13:00:00.000Z,ok,azure,canadaeast,CA-QC,29,gCO2eq/kWh
1659709828,2022-08-05T13:00:00.000Z,ok,azure,canadaeast,CA-QC,29,gCO2eq/kWh
1659711628,2022-08-05T14:00:00.000Z,ok,azure,canadaeast,CA-QC,29,gCO2eq/kWh
1659713428,2022-08-05T14:00:00.000Z,ok,azure,canadaeast,CA-QC,29,gCO2eq/kWh
1659715227,2022-08-05T15:00:00.000Z,ok,azure,canadaeast,CA-QC,29,gCO2eq/kWh
1659717028,2022-08-05T15:00:00.000Z,ok,azure,canadaeast,CA-QC,29,gCO2eq/kWh
1659718828,2022-08-05T15:00:00.000Z,ok,azure,canadaeast,CA-QC,29,gCO2eq/kWh
1659720628,2022-08-05T16:00:00.000Z,ok,azure,canadaeast,CA-QC,29,gCO2eq/kWh
1659722428,2022-08-05T17:00:00.000Z,ok,azure,canadaeast,CA-QC,29,gCO2eq/kWh
1659724227,2022-08-05T17:00:00.000Z,ok,azure,canadaeast,CA-QC,29,gCO2eq/kWh
1659726028,2022-08-05T18:00:00.000Z,ok,azure,canadaeast,CA-QC,29,gCO2eq/kWh
1659727827,2022-08-05T18:00:00.000Z,ok,azure,canadaeast,CA-QC,29,gCO2eq/kWh
1659729628,2022-08-05T19:00:00.000Z,ok,azure,canadaeast,CA-QC,29,gCO2eq/kWh
1659731428,2022-08-05T19:00:00.000Z,ok,azure,canadaeast,CA-QC,29,gCO2eq/kWh
1659733227,2022-08-05T20:00:00.000Z,ok,azure,canadaeast,CA-QC,29,gCO2eq/kWh
1659735028,2022-08-05T20:00:00.000Z,ok,azure,canadaeast,CA-QC,29,gCO2eq/kWh
1659736827,2022-08-05T21:00:00.000Z,ok,azure,canadaeast,CA-QC,28,gCO2eq/kWh
1659738627,2022-08-05T21:00:00.000Z,ok,azure,canadaeast,CA-QC,28,gCO2eq/kWh
1659740427,2022-08-05T22:00:00.000Z,ok,azure,canadaeast,CA-QC,28,gCO2eq/kWh
1659742228,2022-08-05T22:00:00.000Z,ok,azure,canadaeast,CA-QC,28,gCO2eq/kWh
1659744028,2022-08-05T23:00:00.000Z,ok,azure,canadaeast,CA-QC,28,gCO2eq/kWh
1659745828,2022-08-05T23:00:00.000Z,ok,azure,canadaeast,CA-QC,28,gCO2eq/kWh
1659747628,2022-08-06T00:00:00.000Z,ok,azure,canadaeast,CA-QC,28,gCO2eq/kWh
1659749428,2022-08-06T00:00:00.000Z,ok,azure,canadaeast,CA-QC,28,gCO2eq/kWh
1659751228,2022-08-06T01:00:00.000Z,ok,azure,canadaeast,CA-QC,28,gCO2eq/kWh
1659753028,2022-08-06T01:00:00.000Z,ok,azure,canadaeast,CA-QC,28,gCO2eq/kWh
1659754827,2022-08-06T02:00:00.000Z,ok,azure,canadaeast,CA-QC,28,gCO2eq/kWh
1659756627,2022-08-06T02:00:00.000Z,ok,azure,canadaeast,CA-QC,28,gCO2eq/kWh
1659758427,2022-08-06T03:00:00.000Z,ok,azure,canadaeast,CA-QC,29,gCO2eq/kWh
1659760228,2022-08-06T03:00:00.000Z,ok,azure,canadaeast,CA-QC,29,gCO2eq/kWh
1659762028,2022-08-06T04:00:00.000Z,ok,azure,canadaeast,CA-QC,29,gCO2eq/kWh
1659763828,2022-08-06T04:00:00.000Z,ok,azure,canadaeast,CA-QC,29,gCO2eq/kWh
1659765628,2022-08-06T05:00:00.000Z,ok,azure,canadaeast,CA-QC,29,gCO2eq/kWh
1659767427,2022-08-06T05:00:00.000Z,ok,azure,canadaeast,CA-QC,29,gCO2eq/kWh
1659769227,2022-08-06T06:00:00.000Z,ok,azure,canadaeast,CA-QC,29,gCO2eq/kWh
1659771027,2022-08-06T06:00:00.000Z,ok,azure,canadaeast,CA-QC,29,gCO2eq/kWh
1659772828,2022-08-06T07:00:00.000Z,ok,azure,canadaeast,CA-QC,29,gCO2eq/kWh
1659774628,2022-08-06T07:00:00.000Z,ok,azure,canadaeast,CA-QC,29,gCO2eq/kWh
1659776428,2022-08-06T08:00:00.000Z,ok,azure,canadaeast,CA-QC,30,gCO2eq/kWh
1659778228,2022-08-06T08:00:00.000Z,ok,azure,canadaeast,CA-QC,30,gCO2eq/kWh
1659780027,2022-08-06T09:00:00.000Z,ok,azure,canadaeast,CA-QC,30,gCO2eq/kWh
1659781828,2022-08-06T09:00:00.000Z,ok,azure,canadaeast,CA-QC,30,gCO2eq/kWh
1659783627,2022-08-06T10:00:00.000Z,ok,azure,canadaeast,CA-QC,30,gCO2eq/kWh
1659785428,2022-08-06T10:00:00.000Z,ok,azure,canadaeast,CA-QC,30,gCO2eq/kWh
1659787227,2022-08-06T11:00:00.000Z,ok,azure,canadaeast,CA-QC,29,gCO2eq/kWh
1659789027,2022-08-06T11:00:00.000Z,ok,azure,canadaeast,CA-QC,29,gCO2eq/kWh
1659790827,2022-08-06T12:00:00.000Z,ok,azure,canadaeast,CA-QC,29,gCO2eq/kWh
1659792627,2022-08-06T12:00:00.000Z,ok,azure,canadaeast,CA-QC,29,gCO2eq/kWh
1659794428,2022-08-06T13:00:00.000Z,ok,azure,canadaeast,CA-QC,29,gCO2eq/kWh
1659796228,2022-08-06T13:00:00.000Z,ok,azure,canadaeast,CA-QC,29,gCO2eq/kWh
1659798028,2022-08-06T14:00:00.000Z,ok,azure,canadaeast,CA-QC,29,gCO2eq/kWh
1659799828,2022-08-06T14:00:00.000Z,ok,azure,canadaeast,CA-QC,29,gCO2eq/kWh
1659801628,2022-08-06T15:00:00.000Z,ok,azure,canadaeast,CA-QC,29,gCO2eq/kWh
1659803427,2022-08-06T15:00:00.000Z,ok,azure,canadaeast,CA-QC,29,gCO2eq/kWh
1659805227,2022-08-06T16:00:00.000Z,ok,azure,canadaeast,CA-QC,29,gCO2eq/kWh
1659807027,2022-08-06T16:00:00.000Z,ok,azure,canadaeast,CA-QC,29,gCO2eq/kWh
1659808827,2022-08-06T17:00:00.000Z,ok,azure,canadaeast,CA-QC,29,gCO2eq/kWh
1659810627,2022-08-06T17:00:00.000Z,ok,azure,canadaeast,CA-QC,29,gCO2eq/kWh
1659812427,2022-08-06T18:00:00.000Z,ok,azure,canadaeast,CA-QC,29,gCO2eq/kWh
1659814227,2022-08-06T18:00:00.000Z,ok,azure,canadaeast,CA-QC,29,gCO2eq/kWh
1659816027,2022-08-06T19:00:00.000Z,ok,azure,canadaeast,CA-QC,29,gCO2eq/kWh
1659817828,2022-08-06T19:00:00.000Z,ok,azure,canadaeast,CA-QC,29,gCO2eq/kWh
1659819627,2022-08-06T20:00:00.000Z,ok,azure,canadaeast,CA-QC,29,gCO2eq/kWh
1659821427,2022-08-06T20:00:00.000Z,ok,azure,canadaeast,CA-QC,29,gCO2eq/kWh
1659823227,2022-08-06T21:00:00.000Z,ok,azure,canadaeast,CA-QC,28,gCO2eq/kWh
1659825027,2022-08-06T21:00:00.000Z,ok,azure,canadaeast,CA-QC,28,gCO2eq/kWh
1659826827,2022-08-06T22:00:00.000Z,ok,azure,canadaeast,CA-QC,28,gCO2eq/kWh
1659828627,2022-08-06T22:00:00.000Z,ok,azure,canadaeast,CA-QC,28,gCO2eq/kWh
1659830428,2022-08-06T23:00:00.000Z,ok,azure,canadaeast,CA-QC,28,gCO2eq/kWh
1659832227,2022-08-06T23:00:00.000Z,ok,azure,canadaeast,CA-QC,28,gCO2eq/kWh
1659834028,2022-08-07T00:00:00.000Z,ok,azure,canadaeast,CA-QC,29,gCO2eq/kWh
1659835828,2022-08-07T00:00:00.000Z,ok,azure,canadaeast,CA-QC,29,gCO2eq/kWh
1659837628,2022-08-07T01:00:00.000Z,ok,azure,canadaeast,CA-QC,29,gCO2eq/kWh
1659839428,2022-08-07T01:00:00.000Z,ok,azure,canadaeast,CA-QC,29,gCO2eq/kWh
1659841228,2022-08-07T02:00:00.000Z,ok,azure,canadaeast,CA-QC,29,gCO2eq/kWh
1659843028,2022-08-07T02:00:00.000Z,ok,azure,canadaeast,CA-QC,29,gCO2eq/kWh
1659844828,2022-08-07T03:00:00.000Z,ok,azure,canadaeast,CA-QC,29,gCO2eq/kWh
1659846628,2022-08-07T03:00:00.000Z,ok,azure,canadaeast,CA-QC,29,gCO2eq/kWh
1659848427,2022-08-07T04:00:00.000Z,ok,azure,canadaeast,CA-QC,29,gCO2eq/kWh
1659850227,2022-08-07T04:00:00.000Z,ok,azure,canadaeast,CA-QC,29,gCO2eq/kWh
1659852027,2022-08-07T05:00:00.000Z,ok,azure,canadaeast,CA-QC,29,gCO2eq/kWh
1659853827,2022-08-07T05:00:00.000Z,ok,azure,canadaeast,CA-QC,29,gCO2eq/kWh
1659855628,2022-08-07T06:00:00.000Z,ok,azure,canadaeast,CA-QC,29,gCO2eq/kWh
1659857428,2022-08-07T06:00:00.000Z,ok,azure,canadaeast,CA-QC,29,gCO2eq/kWh
1659859227,2022-08-07T07:00:00.000Z,ok,azure,canadaeast,CA-QC,29,gCO2eq/kWh
1659861027,2022-08-07T07:00:00.000Z,ok,azure,canadaeast,CA-QC,29,gCO2eq/kWh
1659862828,2022-08-07T08:00:00.000Z,ok,azure,canadaeast,CA-QC,30,gCO2eq/kWh
1659864628,2022-08-07T08:00:00.000Z,ok,azure,canadaeast,CA-QC,30,gCO2eq/kWh
1659866427,2022-08-07T09:00:00.000Z,ok,azure,canadaeast,CA-QC,30,gCO2eq/kWh
1659868227,2022-08-07T09:00:00.000Z,ok,azure,canadaeast,CA-QC,30,gCO2eq/kWh
1659870027,2022-08-07T10:00:00.000Z,ok,azure,canadaeast,CA-QC,30,gCO2eq/kWh
1659871828,2022-08-07T10:00:00.000Z,ok,azure,canadaeast,CA-QC,30,gCO2eq/kWh
1659873627,2022-08-07T11:00:00.000Z,ok,azure,canadaeast,CA-QC,29,gCO2eq/kWh
1659875428,2022-08-07T11:00:00.000Z,ok,azure,canadaeast,CA-QC,29,gCO2eq/kWh
1659877227,2022-08-07T12:00:00.000Z,ok,azure,canadaeast,CA-QC,29,gCO2eq/kWh
1659879028,2022-08-07T12:00:00.000Z,ok,azure,canadaeast,CA-QC,29,gCO2eq/kWh
1659880827,2022-08-07T13:00:00.000Z,ok,azure,canadaeast,CA-QC,29,gCO2eq/kWh
1659882628,2022-08-07T13:00:00.000Z,ok,azure,canadaeast,CA-QC,29,gCO2eq/kWh
1659884427,2022-08-07T14:00:00.000Z,ok,azure,canadaeast,CA-QC,29,gCO2eq/kWh
1659886228,2022-08-07T14:00:00.000Z,ok,azure,canadaeast,CA-QC,29,gCO2eq/kWh
1659888027,2022-08-07T15:00:00.000Z,ok,azure,canadaeast,CA-QC,29,gCO2eq/kWh
1659889827,2022-08-07T15:00:00.000Z,ok,azure,canadaeast,CA-QC,29,gCO2eq/kWh
1659891628,2022-08-07T16:00:00.000Z,ok,azure,canadaeast,CA-QC,29,gCO2eq/kWh
1659893428,2022-08-07T16:00:00.000Z,ok,azure,canadaeast,CA-QC,29,gCO2eq/kWh
1659895228,2022-08-07T17:00:00.000Z,ok,azure,canadaeast,CA-QC,29,gCO2eq/kWh
1659897027,2022-08-07T17:00:00.000Z,ok,azure,canadaeast,CA-QC,29,gCO2eq/kWh
1659898828,2022-08-07T18:00:00.000Z,ok,azure,canadaeast,CA-QC,29,gCO2eq/kWh
1659900628,2022-08-07T18:00:00.000Z,ok,azure,canadaeast,CA-QC,29,gCO2eq/kWh
1659902427,2022-08-07T19:00:00.000Z,ok,azure,canadaeast,CA-QC,29,gCO2eq/kWh
1659904228,2022-08-07T19:00:00.000Z,ok,azure,canadaeast,CA-QC,29,gCO2eq/kWh
1659906028,2022-08-07T20:00:00.000Z,ok,azure,canadaeast,CA-QC,29,gCO2eq/kWh
1659907827,2022-08-07T20:00:00.000Z,ok,azure,canadaeast,CA-QC,29,gCO2eq/kWh
1659909628,2022-08-07T21:00:00.000Z,ok,azure,canadaeast,CA-QC,28,gCO2eq/kWh
1659911428,2022-08-07T21:00:00.000Z,ok,azure,canadaeast,CA-QC,28,gCO2eq/kWh
1659913227,2022-08-07T22:00:00.000Z,ok,azure,canadaeast,CA-QC,28,gCO2eq/kWh
1659915028,2022-08-07T22:00:00.000Z,ok,azure,canadaeast,CA-QC,28,gCO2eq/kWh
1659916827,2022-08-07T23:00:00.000Z,ok,azure,canadaeast,CA-QC,28,gCO2eq/kWh
1659918627,2022-08-07T23:00:00.000Z,ok,azure,canadaeast,CA-QC,28,gCO2eq/kWh
1659920428,2022-08-08T00:00:00.000Z,ok,azure,canadaeast,CA-QC,28,gCO2eq/kWh
1659922227,2022-08-08T00:00:00.000Z,ok,azure,canadaeast,CA-QC,28,gCO2eq/kWh
1659924027,2022-08-08T01:00:00.000Z,ok,azure,canadaeast,CA-QC,28,gCO2eq/kWh
1659925827,2022-08-08T01:00:00.000Z,ok,azure,canadaeast,CA-QC,28,gCO2eq/kWh
1659927627,2022-08-08T02:00:00.000Z,ok,azure,canadaeast,CA-QC,28,gCO2eq/kWh
1659929427,2022-08-08T02:00:00.000Z,ok,azure,canadaeast,CA-QC,28,gCO2eq/kWh
1659931227,2022-08-08T03:00:00.000Z,ok,azure,canadaeast,CA-QC,29,gCO2eq/kWh
1659933028,2022-08-08T03:00:00.000Z,ok,azure,canadaeast,CA-QC,29,gCO2eq/kWh
1659934828,2022-08-08T04:00:00.000Z,ok,azure,canadaeast,CA-QC,29,gCO2eq/kWh
1659936628,2022-08-08T04:00:00.000Z,ok,azure,canadaeast,CA-QC,29,gCO2eq/kWh
1659938428,2022-08-08T04:00:00.000Z,ok,azure,canadaeast,CA-QC,29,gCO2eq/kWh
1659940228,2022-08-08T05:00:00.000Z,ok,azure,canadaeast,CA-QC,29,gCO2eq/kWh
1659942028,2022-08-08T06:00:00.000Z,ok,azure,canadaeast,CA-QC,29,gCO2eq/kWh
1659943827,2022-08-08T06:00:00.000Z,ok,azure,canadaeast,CA-QC,29,gCO2eq/kWh
1659945627,2022-08-08T07:00:00.000Z,ok,azure,canadaeast,CA-QC,29,gCO2eq/kWh
1659947428,2022-08-08T07:00:00.000Z,ok,azure,canadaeast,CA-QC,29,gCO2eq/kWh
1659949227,2022-08-08T07:00:00.000Z,ok,azure,canadaeast,CA-QC,29,gCO2eq/kWh
1659951028,2022-08-08T08:00:00.000Z,ok,azure,canadaeast,CA-QC,30,gCO2eq/kWh
1659952827,2022-08-08T09:00:00.000Z,ok,azure,canadaeast,CA-QC,30,gCO2eq/kWh
1659954628,2022-08-08T09:00:00.000Z,ok,azure,canadaeast,CA-QC,30,gCO2eq/kWh
1659956428,2022-08-08T10:00:00.000Z,ok,azure,canadaeast,CA-QC,30,gCO2eq/kWh
1659958228,2022-08-08T10:00:00.000Z,ok,azure,canadaeast,CA-QC,30,gCO2eq/kWh
1659960028,2022-08-08T11:00:00.000Z,ok,azure,canadaeast,CA-QC,29,gCO2eq/kWh
1659961827,2022-08-08T11:00:00.000Z,ok,azure,canadaeast,CA-QC,29,gCO2eq/kWh
1659963628,2022-08-08T12:00:00.000Z,ok,azure,canadaeast,CA-QC,29,gCO2eq/kWh
1659965428,2022-08-08T12:00:00.000Z,ok,azure,canadaeast,CA-QC,29,gCO2eq/kWh
1659967227,2022-08-08T13:00:00.000Z,ok,azure,canadaeast,CA-QC,29,gCO2eq/kWh
1659969028,2022-08-08T13:00:00.000Z,ok,azure,canadaeast,CA-QC,29,gCO2eq/kWh
1659970828,2022-08-08T14:00:00.000Z,ok,azure,canadaeast,CA-QC,29,gCO2eq/kWh
1659972628,2022-08-08T14:00:00.000Z,ok,azure,canadaeast,CA-QC,29,gCO2eq/kWh
1659974428,2022-08-08T15:00:00.000Z,ok,azure,canadaeast,CA-QC,29,gCO2eq/kWh
1659976227,2022-08-08T15:00:00.000Z,ok,azure,canadaeast,CA-QC,29,gCO2eq/kWh
1659978028,2022-08-08T16:00:00.000Z,ok,azure,canadaeast,CA-QC,29,gCO2eq/kWh
1659979827,2022-08-08T16:00:00.000Z,ok,azure,canadaeast,CA-QC,29,gCO2eq/kWh
1659981628,2022-08-08T17:00:00.000Z,ok,azure,canadaeast,CA-QC,29,gCO2eq/kWh
1659983428,2022-08-08T17:00:00.000Z,ok,azure,canadaeast,CA-QC,29,gCO2eq/kWh
1659985228,2022-08-08T18:00:00.000Z,ok,azure,canadaeast,CA-QC,29,gCO2eq/kWh
1659987027,2022-08-08T18:00:00.000Z,ok,azure,canadaeast,CA-QC,29,gCO2eq/kWh
1659988828,2022-08-08T19:00:00.000Z,ok,azure,canadaeast,CA-QC,29,gCO2eq/kWh
1659990628,2022-08-08T19:00:00.000Z,ok,azure,canadaeast,CA-QC,29,gCO2eq/kWh
1659992428,2022-08-08T20:00:00.000Z,ok,azure,canadaeast,CA-QC,29,gCO2eq/kWh
1659994227,2022-08-08T20:00:00.000Z,ok,azure,canadaeast,CA-QC,29,gCO2eq/kWh
1659996027,2022-08-08T21:00:00.000Z,ok,azure,canadaeast,CA-QC,28,gCO2eq/kWh
1659997828,2022-08-08T21:00:00.000Z,ok,azure,canadaeast,CA-QC,28,gCO2eq/kWh
1659999628,2022-08-08T22:00:00.000Z,ok,azure,canadaeast,CA-QC,28,gCO2eq/kWh
1660001427,2022-08-08T22:00:00.000Z,ok,azure,canadaeast,CA-QC,28,gCO2eq/kWh
1660003228,2022-08-08T23:00:00.000Z,ok,azure,canadaeast,CA-QC,28,gCO2eq/kWh
1660005028,2022-08-08T23:00:00.000Z,ok,azure,canadaeast,CA-QC,28,gCO2eq/kWh
1660006828,2022-08-09T00:00:00.000Z,ok,azure,canadaeast,CA-QC,29,gCO2eq/kWh
1660008627,2022-08-09T00:00:00.000Z,ok,azure,canadaeast,CA-QC,29,gCO2eq/kWh
1660010428,2022-08-09T01:00:00.000Z,ok,azure,canadaeast,CA-QC,28,gCO2eq/kWh
1660012227,2022-08-09T01:00:00.000Z,ok,azure,canadaeast,CA-QC,28,gCO2eq/kWh
1660014028,2022-08-09T02:00:00.000Z,ok,azure,canadaeast,CA-QC,28,gCO2eq/kWh
1660015827,2022-08-09T02:00:00.000Z,ok,azure,canadaeast,CA-QC,28,gCO2eq/kWh
1660017628,2022-08-09T03:00:00.000Z,ok,azure,canadaeast,CA-QC,29,gCO2eq/kWh
1660019427,2022-08-09T03:00:00.000Z,ok,azure,canadaeast,CA-QC,29,gCO2eq/kWh
1660021228,2022-08-09T04:00:00.000Z,ok,azure,canadaeast,CA-QC,29,gCO2eq/kWh
1660023027,2022-08-09T04:00:00.000Z,ok,azure,canadaeast,CA-QC,29,gCO2eq/kWh
1660024828,2022-08-09T05:00:00.000Z,ok,azure,canadaeast,CA-QC,29,gCO2eq/kWh
1660026627,2022-08-09T05:00:00.000Z,ok,azure,canadaeast,CA-QC,29,gCO2eq/kWh
1660028428,2022-08-09T06:00:00.000Z,ok,azure,canadaeast,CA-QC,29,gCO2eq/kWh
1660030227,2022-08-09T06:00:00.000Z,ok,azure,canadaeast,CA-QC,29,gCO2eq/kWh
1660032027,2022-08-09T07:00:00.000Z,ok,azure,canadaeast,CA-QC,29,gCO2eq/kWh
1660033828,2022-08-09T07:00:00.000Z,ok,azure,canadaeast,CA-QC,29,gCO2eq/kWh
1660035627,2022-08-09T08:00:00.000Z,ok,azure,canadaeast,CA-QC,30,gCO2eq/kWh
1660037427,2022-08-09T08:00:00.000Z,ok,azure,canadaeast,CA-QC,30,gCO2eq/kWh
1660039227,2022-08-09T09:00:00.000Z,ok,azure,canadaeast,CA-QC,30,gCO2eq/kWh
1660041028,2022-08-09T09:00:00.000Z,ok,azure,canadaeast,CA-QC,30,gCO2eq/kWh
1660042827,2022-08-09T10:00:00.000Z,ok,azure,canadaeast,CA-QC,29,gCO2eq/kWh
1660044628,2022-08-09T10:00:00.000Z,ok,azure,canadaeast,CA-QC,29,gCO2eq/kWh
1660046427,2022-08-09T11:00:00.000Z,ok,azure,canadaeast,CA-QC,29,gCO2eq/kWh
1660048228,2022-08-09T11:00:00.000Z,ok,azure,canadaeast,CA-QC,29,gCO2eq/kWh
1660050027,2022-08-09T12:00:00.000Z,ok,azure,canadaeast,CA-QC,29,gCO2eq/kWh
1660051828,2022-08-09T12:00:00.000Z,ok,azure,canadaeast,CA-QC,29,gCO2eq/kWh
1660053627,2022-08-09T13:00:00.000Z,ok,azure,canadaeast,CA-QC,29,gCO2eq/kWh
1660055428,2022-08-09T13:00:00.000Z,ok,azure,canadaeast,CA-QC,29,gCO2eq/kWh
1660057228,2022-08-09T14:00:00.000Z,ok,azure,canadaeast,CA-QC,29,gCO2eq/kWh
1660059027,2022-08-09T14:00:00.000Z,ok,azure,canadaeast,CA-QC,29,gCO2eq/kWh
1660060827,2022-08-09T15:00:00.000Z,ok,azure,canadaeast,CA-QC,29,gCO2eq/kWh
1660062628,2022-08-09T15:00:00.000Z,ok,azure,canadaeast,CA-QC,29,gCO2eq/kWh
1660064428,2022-08-09T16:00:00.000Z,ok,azure,canadaeast,CA-QC,29,gCO2eq/kWh
1660066227,2022-08-09T16:00:00.000Z,ok,azure,canadaeast,CA-QC,29,gCO2eq/kWh
1660068028,2022-08-09T17:00:00.000Z,ok,azure,canadaeast,CA-QC,29,gCO2eq/kWh
1660069828,2022-08-09T17:00:00.000Z,ok,azure,canadaeast,CA-QC,29,gCO2eq/kWh
1660071628,2022-08-09T18:00:00.000Z,ok,azure,canadaeast,CA-QC,29,gCO2eq/kWh
1660073428,2022-08-09T18:00:00.000Z,ok,azure,canadaeast,CA-QC,29,gCO2eq/kWh
1660075228,2022-08-09T19:00:00.000Z,ok,azure,canadaeast,CA-QC,29,gCO2eq/kWh
1660077028,2022-08-09T19:00:00.000Z,ok,azure,canadaeast,CA-QC,29,gCO2eq/kWh
1660078827,2022-08-09T20:00:00.000Z,ok,azure,canadaeast,CA-QC,29,gCO2eq/kWh
1660080628,2022-08-09T20:00:00.000Z,ok,azure,canadaeast,CA-QC,29,gCO2eq/kWh
1660082427,2022-08-09T21:00:00.000Z,ok,azure,canadaeast,CA-QC,29,gCO2eq/kWh
1660084228,2022-08-09T21:00:00.000Z,ok,azure,canadaeast,CA-QC,29,gCO2eq/kWh
1660086032,2022-08-09T22:00:00.000Z,ok,azure,canadaeast,CA-QC,28,gCO2eq/kWh
1660087827,2022-08-09T22:00:00.000Z,ok,azure,canadaeast,CA-QC,28,gCO2eq/kWh
1660089628,2022-08-09T23:00:00.000Z,ok,azure,canadaeast,CA-QC,29,gCO2eq/kWh
1660091428,2022-08-09T23:00:00.000Z,ok,azure,canadaeast,CA-QC,29,gCO2eq/kWh
1660093228,2022-08-10T00:00:00.000Z,ok,azure,canadaeast,CA-QC,29,gCO2eq/kWh
1660095027,2022-08-10T00:00:00.000Z,ok,azure,canadaeast,CA-QC,29,gCO2eq/kWh
1660096828,2022-08-10T01:00:00.000Z,ok,azure,canadaeast,CA-QC,28,gCO2eq/kWh
1660098627,2022-08-10T01:00:00.000Z,ok,azure,canadaeast,CA-QC,28,gCO2eq/kWh
1660100427,2022-08-10T02:00:00.000Z,ok,azure,canadaeast,CA-QC,28,gCO2eq/kWh
1660102228,2022-08-10T02:00:00.000Z,ok,azure,canadaeast,CA-QC,28,gCO2eq/kWh
1660104027,2022-08-10T03:00:00.000Z,ok,azure,canadaeast,CA-QC,29,gCO2eq/kWh
1660105828,2022-08-10T03:00:00.000Z,ok,azure,canadaeast,CA-QC,29,gCO2eq/kWh
1660107628,2022-08-10T04:00:00.000Z,ok,azure,canadaeast,CA-QC,29,gCO2eq/kWh
1660109427,2022-08-10T04:00:00.000Z,ok,azure,canadaeast,CA-QC,29,gCO2eq/kWh
1660111227,2022-08-10T05:00:00.000Z,ok,azure,canadaeast,CA-QC,29,gCO2eq/kWh
1660113027,2022-08-10T05:00:00.000Z,ok,azure,canadaeast,CA-QC,29,gCO2eq/kWh
1660114827,2022-08-10T06:00:00.000Z,ok,azure,canadaeast,CA-QC,29,gCO2eq/kWh
1660116627,2022-08-10T06:00:00.000Z,ok,azure,canadaeast,CA-QC,29,gCO2eq/kWh
1660118427,2022-08-10T07:00:00.000Z,ok,azure,canadaeast,CA-QC,29,gCO2eq/kWh
1660120228,2022-08-10T07:00:00.000Z,ok,azure,canadaeast,CA-QC,29,gCO2eq/kWh
1660122027,2022-08-10T08:00:00.000Z,ok,azure,canadaeast,CA-QC,30,gCO2eq/kWh
1660123828,2022-08-10T08:00:00.000Z,ok,azure,canadaeast,CA-QC,30,gCO2eq/kWh
1660125628,2022-08-10T09:00:00.000Z,ok,azure,canadaeast,CA-QC,30,gCO2eq/kWh
1660127428,2022-08-10T09:00:00.000Z,ok,azure,canadaeast,CA-QC,30,gCO2eq/kWh
1660129227,2022-08-10T10:00:00.000Z,ok,azure,canadaeast,CA-QC,29,gCO2eq/kWh
1660131027,2022-08-10T10:00:00.000Z,ok,azure,canadaeast,CA-QC,29,gCO2eq/kWh
1660132828,2022-08-10T11:00:00.000Z,ok,azure,canadaeast,CA-QC,29,gCO2eq/kWh
1660134628,2022-08-10T11:00:00.000Z,ok,azure,canadaeast,CA-QC,29,gCO2eq/kWh
1660136427,2022-08-10T12:00:00.000Z,ok,azure,canadaeast,CA-QC,29,gCO2eq/kWh
1660138227,2022-08-10T12:00:00.000Z,ok,azure,canadaeast,CA-QC,29,gCO2eq/kWh
1660140027,2022-08-10T13:00:00.000Z,ok,azure,canadaeast,CA-QC,29,gCO2eq/kWh
1660141827,2022-08-10T13:00:00.000Z,ok,azure,canadaeast,CA-QC,29,gCO2eq/kWh
1660143627,2022-08-10T14:00:00.000Z,ok,azure,canadaeast,CA-QC,29,gCO2eq/kWh
1660145428,2022-08-10T14:00:00.000Z,ok,azure,canadaeast,CA-QC,29,gCO2eq/kWh
1660147227,2022-08-10T15:00:00.000Z,ok,azure,canadaeast,CA-QC,29,gCO2eq/kWh
1660149028,2022-08-10T15:00:00.000Z,ok,azure,canadaeast,CA-QC,29,gCO2eq/kWh
1660150827,2022-08-10T16:00:00.000Z,ok,azure,canadaeast,CA-QC,29,gCO2eq/kWh
1660152628,2022-08-10T16:00:00.000Z,ok,azure,canadaeast,CA-QC,29,gCO2eq/kWh
1660154427,2022-08-10T17:00:00.000Z,ok,azure,canadaeast,CA-QC,29,gCO2eq/kWh
1660156227,2022-08-10T17:00:00.000Z,ok,azure,canadaeast,CA-QC,29,gCO2eq/kWh
1660158027,2022-08-10T18:00:00.000Z,ok,azure,canadaeast,CA-QC,29,gCO2eq/kWh
1660159828,2022-08-10T18:00:00.000Z,ok,azure,canadaeast,CA-QC,29,gCO2eq/kWh
